{
  "accuracy": 0.8596491228070176,
  "precision": 0.9516129032258065,
  "recall": 0.8194444444444444,
  "f1": 0.8805970149253731,
  "roc_auc": 0.02678571428571429
}